{
    "rankings": [
        [
            "o1-preview",
            0.16288261801207857
        ],
        [
            "claude-3-5-sonnet-latest",
            0.15983191860640236
        ],
        [
            "gpt-4o",
            0.14713606031018547
        ],
        [
            "deepseek-chat",
            0.14251360136107644
        ],
        [
            "gemini-exp-1206",
            0.134831649368899
        ],
        [
            "claude-3-opus-latest",
            0.1266540000119289
        ],
        [
            "gemini-2.0-flash-thinking-exp-1219",
            0.1261501523294294
        ]
    ],
    "metadata": {
        "evaluation_method": 1,
        "use_subset_evaluation": true,
        "evaluators_subset_size": 3,
        "timestamp": "2025-01-05 21:10:52"
    }
}