{
    "rankings": [
        [
            "deepseek-chat",
            0.2079020496314516
        ],
        [
            "o1-preview",
            0.20574204423186682
        ],
        [
            "claude-3-5-sonnet-latest",
            0.1682969950345897
        ],
        [
            "gemini-2.0-flash-thinking-exp-1219",
            0.14665914641944214
        ],
        [
            "gpt-4o",
            0.1264467750384134
        ],
        [
            "gemini-exp-1206",
            0.08769752760435914
        ],
        [
            "claude-3-opus-latest",
            0.05725546203987718
        ]
    ],
    "metadata": {
        "evaluation_method": 1,
        "use_subset_evaluation": true,
        "evaluators_subset_size": 3,
        "timestamp": "2025-01-05 19:52:59"
    }
}