{
    "rankings": [
        [
            "o1-preview",
            0.15923595160179566
        ],
        [
            "deepseek-chat",
            0.1489214764596126
        ],
        [
            "gemini-exp-1206",
            0.14469233015432656
        ],
        [
            "gemini-2.0-flash-thinking-exp-1219",
            0.13968592875562164
        ],
        [
            "claude-3-opus-latest",
            0.13754110257345906
        ],
        [
            "gpt-4o",
            0.13733877406498843
        ],
        [
            "claude-3-5-sonnet-latest",
            0.1325844363901959
        ]
    ],
    "metadata": {
        "evaluation_method": 1,
        "use_subset_evaluation": true,
        "evaluators_subset_size": 3,
        "timestamp": "2025-01-06T12:52:49.107457"
    }
}